role,content
Worker node 5067268944 (EHR Vendor Liaison-Fatima Al-Khalidi),"### Current Status and Needs of EHR Systems by Department

#### 1. Data Analysts
- **Current Status:** EHR systems are widely adopted across healthcare organizations, providing a significant source of data for observational research. However, the data contained in different systems often vary in structure and quality, leading to challenges in data analysis and integration. Many analysts are focused on improving data quality and minimizing data cleaning efforts for effective analysis.
  - **References:**  
      - Electronic Health Records for Drug Repurposing: Current Status: [PMC Article](https://pmc.ncbi.nlm.nih.gov/articles/PMC10815929/)
      - EHR-Based Data Collection and its Challenges: [PMC Article](https://pmc.ncbi.nlm.nih.gov/articles/PMC10938158/)

- **Needs:** Increased investment in standardizing data formats across different EHR systems to facilitate easier data analysis and integration. Also, tools that enhance the usability of large-scale data sets for clinical research are in demand.

#### 2. EHR Integration Developers
- **Current Status:** EHR integration remains a critical concern as healthcare organizations transition to completely digital health records. The integration of new technologies into existing systems is essential for improving usability and clinician workflow, yet many EHR integration projects face hurdles due to technical incompatibilities and insufficient training.
  - **References:**  
      - Understanding EHR Integration: [Adamosoft Article](https://adamosoft.com/blog/healthcare-software-development/what-is-ehr-integration/)
      - Opportunities in EHR: [PMC Article](https://pmc.ncbi.nlm.nih.gov/articles/PMC5553914/)

- **Needs:** Developers require more robust integration solutions that bridge various platforms seamlessly, as well as training programs to onboard healthcare professionals effectively. There is also a need for better mobile-friendly integrations to enhance clinical workflows.

#### 3. Clinical Lead
- **Current Status:** Clinical leads face challenges related to the adoption and transition phases of EHR implementation. The effectiveness of EHR systems significantly impacts their clinical operations and patient care quality, which necessitates thorough understanding and planning during system changes.
  - **References:**  
      - EHR Transitions Best Practices: [AMA Steps Forward](https://edhub.ama-assn.org/steps-forward/module/2820544)
      - Importance of Data in Clinical Settings: [NCBI Book](https://www.ncbi.nlm.nih.gov/books/NBK551878/)

- **Needs:** Clinical leads need systems that align closely with clinical and operational needs. They require ongoing support for training and adaptation during transitions, as well as continuous feedback mechanisms to ascertain the effectiveness of EHR features in real-world clinical settings."
Worker node 5067436768 (Clinical Lead-Nadia Silva),"### Detailed Plan for EHR Collection and Seasonal Influenza Trend Analysis

#### 1. **Objective**  
To collect and analyze data from the Electronic Health Record (EHR) system for understanding seasonal influenza trends over the past several years, which will aid in improving prevention strategies and response readiness.

#### 2. **Team Roles and Contributions**  

- **Clinical Lead**  
   - **Responsibilities:**  
     - **Overall Coordination:** Lead the project, ensuring alignment with clinical standards and guiding the overall strategy for data collection and analysis.
     - **Protocol Development:** Develop and oversee the implementation of clinical protocols for EHR data collection specific to seasonal influenza cases.
     - **Data Validation:** Collaborate with data analysts to validate the accuracy of the collected data and ensure it meets the needed standards for clinical relevance.
     - **Feedback Loop:** Establish feedback mechanisms to assess the effectiveness of EHR data features and suggest modifications based on clinical insights.

- **Quality Assurance Testers**  
   - **Responsibilities:**  
     - **Data Quality Checks:** Implement QA processes to ensure the integrity, accurate reporting, and reliability of the data collected from EHR systems. 
     - **Testing Protocols:** Develop testing protocols that will verify the correct functioning of EHR systems in relation to seasonal influenza data collection and reporting capabilities.
     - **Documentation:** Keep detailed records of QA activities and ensure clear documentation of any discrepancies found during the testing phase.
     - **Collaboration:** Work closely with the Clinical Lead to address any issues found during testing and provide recommendations for improvements to the system.

- **Training Coordinator**  
   - **Responsibilities:**  
     - **Training Development:** Develop training modules for healthcare staff to effectively utilize the EHR system for accurate documentation of influenza cases and related data.
     - **Onboarding Sessions:** Conduct onboarding sessions for all relevant staff to familiarize them with the EHR tools specific to influenza data entry and analysis.
     - **Continuous Education:** Provide ongoing training opportunities aligned with any updates in the EHR system or changes in data collection protocols to ensure staff remain proficient.
     - **Support:** Create support materials (manuals, FAQs) that staff can refer to when using the EHR system for seasonal influenza tracking.

#### 3. **Timeline and Milestones**  
- **Phase 1 - Planning (Month 1)**:  
  - Initial meetings to outline project goals and methodology.  
  - Develop the project protocol by the Clinical Lead.  
  - Establish QA testing protocols.  

- **Phase 2 - Data Collection Setup (Months 2-3)**:  
  - Implement and test EHR systems for influenza data entry.  
  - Train staff on new protocols (Training Coordinator).  
  - Begin data collection at selected sites.  

- **Phase 3 - Data Analysis (Months 4-5)**:  
  - Conduct preliminary data analysis from collected EHR data.
  - Generate reports on findings and trends (in collaboration with Clinical Lead).  

- **Phase 4 - Review and Adjust (Month 6)**:  
  - Review the data quality and findings with the Quality Assurance Testers.  
  - Gather feedback from clinical staff on the usability of the EHR for influenza data collection.  
  - Make necessary adjustments based on insights and recommendations.  

#### 4. **Expected Outcomes**  
- Clear understanding of seasonal influenza trends based on the collected EHR data.
- Improved documentation practices related to influenza cases in the EHR system.
- Enhanced clinical readiness and preventive measures based on collected data insights.

#### 5. **Collaboration Tools and Communication**  
- Utilize project management software (e.g., Asana or Trello) for tracking progress and tasks.
- Regular check-in meetings to discuss updates, challenges, and strategic adjustments.
- Creation of shared folders for documentation and training materials accessible to all team members.

This plan ensures structured collaboration among all team members while leveraging the strengths and responsibilities of each role to achieve comprehensive influenza trend analysis through EHR data collection."
Worker node 5100108672 (Data Analyst-Mei Wong),"### Weekly Goals for Each Employee (Next 4 Weeks)

#### 1. Data Analysts  
**Week 1:**  
- Familiarize with historical seasonal influenza data available in the EHR system.  
- Develop initial metrics to analyze influenza trends.  
- Prepare a draft methodology for the analysis process.  

**Week 2:**  
- Initiate data collection from EHR for influenza cases from the last three years.  
- Collaborate with Clinical Lead to ensure data relevance and collection methodology is aligned.  
- Start preliminary data cleaning processes to ensure data quality.  

**Week 3:**  
- Complete data collection for seasonal influenza cases.  
- Conduct first round of data analysis on collected data to identify trends.  
- Present preliminary findings to the team for feedback and suggestions for improvement.  

**Week 4:**  
- Finalize analysis of seasonal influenza trends based on team feedback.  
- Prepare a summary report detailing findings, trends, and insights for presentation to clinical leads and stakeholders.  
- Collaborate with Quality Assurance Testers to ensure data accuracy before final report submission.  

#### 2. Quality Assurance Testers  
**Week 1:**  
- Review current QA protocols and identify gaps within the testing methods for EHR data related to seasonal influenza.  
- Work closely with Data Analysts to understand the types of data being collected for influenza tracking.  
- Develop a checklist for testing data quality and accuracy related to influenza entries.  

**Week 2:**  
- Implement QA testing processes on the EHR data collection for influenza cases.  
- Collaborate with Data Analysts to highlight any issues or discrepancies found during testing.  
- Document QA findings and work on mitigation strategies for identified issues.  

**Week 3:**  
- Enhance testing protocols based on feedback from Week 2 findings.  
- Execute further QA checks on the influenza data entries with a focus on reliability.  
- Prepare a status report for the team on QA findings.  

**Week 4:**  
- Final review of the collected data ensuring it meets all required standards for accuracy.  
- Collaborate with Data Analysts to make necessary adjustments to the data collection methods based on QA feedback.  
- Assist in preparing documentation for the final report on seasonal influenza trends.  

#### 3. Help Desk Support  
**Week 1:**  
- Develop a training plan for healthcare staff on how to use the EHR for influenza data entry.  
- Review support materials available for the EHR system related to influenza cases and suggest any needed updates.  
- Prepare a list of frequently asked questions (FAQs) that address common issues reported by staff.  

**Week 2:**  
- Conduct onboarding training sessions for staff on the EHR tools relevant to influenza data collection.  
- Provide immediate support during the initial data collection period for influenza reporting.  
- Gather feedback from training sessions to further improve support resources provided to staff.  

**Week 3:**  
- Analyze support tickets related to EHR data input for influenza cases and identify patterns or recurring issues.  
- Collaborate with Quality Assurance Testers to address technical issues that hamper effective data entry.  
- Update training materials and support documents based on findings from support ticket analysis.  

**Week 4:**  
- Conduct follow-up training sessions or refresher courses for staff based on ongoing challenges faced during the data entry process.  
- Finalize and publish updated user manuals and FAQs addressing the most common concerns.  
- Prepare a report on the impact of Help Desk support on the data collection phase for seasonal influenza.  

This structured approach ensures that each team member is aware of their responsibilities while promoting collaboration towards achieving the overall goals of the EHR collection and seasonal influenza trend analysis project."
Worker node 5083460416 (IT Project Manager-Ricardo Alvarez),"### Meeting Coordination and Agenda for Weekly Goals Discussion

#### Meeting Details:
- **Date:** [Insert Date]
- **Time:** [Insert Time]
- **Location:** [Insert Location or Virtual Meeting Link]
- **Duration:** 1 hour
- **Participants:** IT Project Manager, Training Coordinator, Clinical Lead, Data Analysts, Quality Assurance Testers, Help Desk Support

#### Meeting Agenda:
1. **Welcome and Introductions (5 minutes)**  
   - Brief introduction by the IT Project Manager.
   - Overview of the meeting purpose.

2. **Review of Weekly Goals (20 minutes)**  
   - **Data Analysts:**  
     - Discuss progress on data collection and analysis of seasonal influenza trends.
     - Share preliminary findings and methodology updates.
   
   - **Quality Assurance Testers:**  
     - Present updates on QA protocols and issues identified during testing.
     - Collaboration suggestions with Data Analysts for data accuracy.
   
   - **Help Desk Support:**  
     - Provide feedback on training sessions conducted and continuous support strategies.
     - Discuss common issues faced by staff and support resource improvements.

3. **Discussion of Role-Specific Challenges (20 minutes)**  
   - Share experiences and challenges faced in their specific roles related to EHR data collection and training.
   - Identify solutions and support from project leads and team members.

4. **Next Steps and Assignments (10 minutes)**  
   - Define action items for each role based on discussions.
   - Set expectations for upcoming weeks and timelines for follow-up reporting.

5. **Open Floor (5 minutes)**  
   - Allow time for additional questions, comments, or suggestions from participants.

6. **Closing Remarks (5 minutes)**  
   - Summarize the key takeaways and action points.
   - Confirm next meeting date and time if necessary.

### Objectives of the Meeting:
- To ensure all team members are aligned on their weekly goals and responsibilities.
- To facilitate communication and collaboration among different roles to address challenges in the project.
- To motivate and empower team members by recognizing their contributions and encouraging feedback for continuous improvement.

**Preparation:**  
- Each participant should come prepared with updates on their activities related to the goals outlined for their roles.
- Bring relevant data, reports, or documentation to support discussions."
Worker node 5076063456 (Health Informatics Specialist-David Chen),"### Organized Feedback from Employees on Drafted Goals

#### 1. Registered Nurses
- **Feedback Summary:**  
  - **Goals Alignment:** Emphasized the importance of ensuring the goals for data collection align with clinical practices and patient interactions. 
  -  **Data Entry Training Needs:** Requested additional training on the EHR system's features for documenting influenza cases effectively to avoid errors.
  - **Suggestions:** Suggested regular refresher training sessions and simplified documentation processes to ease data entry burden. 

#### 2. Medical Records Specialists
- **Feedback Summary:**  
  - **Goals Alignment:** Concerned about the accuracy and completeness of records during data entry phases. Wanted assurance that processes in place would maintain integrity. 
  - **Documentation Protocol:** Suggested clearer guidelines on data entry protocols and the establishment of oversight during the data collection periods.  
  - **Collaboration Needs:** Requested closer communication with Data Analysts to resolve any discrepancies in the data that could arise during collection.

#### 3. Health Informatics Specialists
- **Feedback Summary:**  
  - **Goals Alignment:** Supported the overall goal of improving data quality and accessibility. Stressed the need for ongoing reviews of EHR functionality to meet user needs.
  - **Integration Needs:** Advocated for integrating user feedback into system updates and enhancements, ensuring that all roles' requirements are met.
  - **Ongoing Training Support:** Highlighted a need for comprehensive training materials that cater specifically to usersâ€™ daily tasks relating to EHR documentation.

### Action Steps Post-Feedback:
  - **Incorporate Feedback:** Ensure that the feedback from Registered Nurses, Medical Records Specialists, and Health Informatics Specialists is incorporated into the final drafting of goals.  
  - **Address Training Needs:** Develop targeted training resources and sessions based on identified needs.  
  - **Establish Collaboration Channels:** Foster improved communication channels between roles to ensure ongoing feedback throughout the project. 
  - **Review Protocols Regularly:** Set a schedule for periodic reviews of the goals and EHR functionalities to adapt to ongoing feedback and evolving needs. 

This organized feedback will help inform the finalized goals for each team member, ensuring that their roles and responsibilities are clearly articulated and aligned with the overarching objectives of the project."
Worker node 5076816832 (Training Coordinator-Samuel Dubois),"### Finalized Detailed Plan for the Next 4 Weeks for Each Employee

#### 1. Data Analysts  
**Week 1:**  
- Familiarize with historical seasonal influenza data available in the EHR system and current quality issues as highlighted by the Medical Records Specialists' feedback.  
- Develop initial metrics to analyze influenza trends ensuring alignment with clinical practices emphasized by Registered Nurses.  
- Prepare a draft methodology considering feedback for further discussions in team meetings.  

**Week 2:**  
- Initiate data collection from EHR for influenza cases from the last three years, using standardized formats requested for better integration.  
- Collaborate with Clinical Lead and Medical Records Specialists to ensure data relevance and collection methodology aligns with operational needs.  
- Start preliminary data cleaning processes to ensure data quality and adherence to compiled data integrity guidelines.  

**Week 3:**  
- Complete data collection for seasonal influenza cases, addressing any discrepancies identified by Quality Assurance Testers.  
- Conduct first round of data analysis on collected data to identify trends and present preliminary findings in a structured meeting format for feedback.  
- Prepare to collaborate closely with Help Desk Support to gain insights on data documentation issues.  

**Week 4:**  
- Finalize detailed analysis of seasonal influenza trends based on team feedback, ensuring accuracy as ensured by QA findings.  
- Prepare a summary report detailing findings, trends, and insights for presentation to clinical leads and stakeholders, ensuring the report meets the documentation standards emphasized by Medical Records Specialists.  
- Collaborate with Quality Assurance Testers to ensure full alignment on the collected data accuracy.  

#### 2. Quality Assurance Testers  
**Week 1:**  
- Review current QA protocols and identify gaps within the existing testing methods focused on EHR data related to seasonal influenza, aligning findings with health informatics needs.  
- Collaborate with Data Analysts to understand the types of influenza-related data being collected and improve verification methods.  
- Develop a checklist for testing data quality and accuracy in conjunction with the insights from Registered Nurses.  

**Week 2:**  
- Implement QA testing processes on the EHR data collection for influenza cases based on established protocols, integrating concerns raised by Medical Records Specialists.  
- Document QA findings and work with Data Analysts to address any issues or discrepancies found during testing, ensuring ongoing communication is established.  
- Prepare reports that highlight identified gaps and necessary improvements collaboratively.  

**Week 3:**  
- Enhance testing protocols based on feedback from the previous week, ensuring a preventative approach based on the FAQ data collected by Help Desk Support.  
- Execute further rounds of QA checks on the influenza data entries focusing on reliability and effectiveness of data collection.  
- Summarize findings for team presentations, emphasizing collaborative recommendations with Data Analysts.  

**Week 4:**  
- Conduct a final review of collected data ensuring it meets all required standards for accuracy with assistance from Help Desk Support.  
- Collaborate intensively with Data Analysts to adjust data collection strategies based on QA feedback correlating to the requirements specified by Clinical Leads.  
- Assist in compiling the documentation necessary for the final report on seasonal influenza trends ensuring clarity for all stakeholders.  

#### 3. Help Desk Support  
**Week 1:**  
- Develop a consolidated training plan for healthcare staff on how to effectively utilize the EHR for influenza data entry, incorporating suggestions from all roles.  
- Update support materials available to ensure all training modules address common issues and utilize examples provided by Registered Nurses.  
- Prepare an FAQ list aimed at addressing concerns raised by all employee feedback.  

**Week 2:**  
- Conduct onboarding training sessions tailored specifically for the EHR tools relevant to influenza data collection ensuring all team members receive integrated support.  
- Provide on-the-ground support during the data collection, acting on immediate feedback to troubleshoot issues as they happen.  
- Gather insights from sessions to fine-tune resources for improved usability.  

**Week 3:**  
- Analyze patterns from support tickets related to EHR data input for influenza cases, addressing recurring challenges specified by other team members.  
- Collaborate closely with Quality Assurance Testers to address technical issues impacting effective data entry based on real-time feedback from users.  
- Revise training materials and support documents based on the analysis results and share them in team meetings.  

**Week 4:**  
- Conduct follow-up training sessions or refresher courses based on outstanding challenges noted during the data entry process, ensuring continual support.  
- Finalize updated user manuals and FAQs addressing complex concerns from both RNs and Medical Records Specialists.  
- Prepare a detailed report on Help Desk Support's impact on the data collection phase, ensuring recognition of collaborative efforts across departments.  

### Expected Outcomes
- Enhanced alignment among staff roles regarding influenza data collection and EHR utilization.
- Clear communication of individual responsibilities and contributions towards the overall goal of improved data quality and clinical readiness regarding seasonal influenza.
- Strong collaborative framework to facilitate ongoing communication, addressing the challenges proactively as they arise, ultimately leading to better health outcomes."
Worker node 5100108672 (Data Analyst-Mei Wong),"| Role              | Week 1                                                                                         | Week 2                                                                                             | Week 3                                                                                       | Week 4                                                                                            |
|-------------------|------------------------------------------------------------------------------------------------|---------------------------------------------------------------------------------------------------|-----------------------------------------------------------------------------------------------|----------------------------------------------------------------------------------------------------|
| Data Analysts      | Familiarize with historical seasonal influenza data available in the EHR system and current quality issues as highlighted by the Medical Records Specialists' feedback. | Initiate data collection from EHR for influenza cases from the last three years using standardized formats requested for better integration. | Complete data collection for seasonal influenza cases, addressing any discrepancies identified by Quality Assurance Testers. | Finalize detailed analysis of seasonal influenza trends based on team feedback, ensuring accuracy as ensured by QA findings. |
|                   | Develop initial metrics to analyze influenza trends ensuring alignment with clinical practices emphasized by Registered Nurses. | Collaborate with Clinical Lead and Medical Records Specialists to ensure data relevance and collection methodology aligns with operational needs. | Conduct first round of data analysis on collected data to identify trends and present preliminary findings in a structured meeting format for feedback. | Prepare a summary report detailing findings, trends, and insights for presentation to clinical leads and stakeholders, ensuring the report meets the documentation standards emphasized by Medical Records Specialists. |
|                   | Prepare a draft methodology considering feedback for further discussions in team meetings. | Start preliminary data cleaning processes to ensure data quality and adherence to compiled data integrity guidelines. | Prepare to collaborate closely with Help Desk Support to gain insights on data documentation issues. | Collaborate with Quality Assurance Testers to ensure full alignment on the collected data accuracy. |
| Quality Assurance Testers| Review current QA protocols and identify gaps within the existing testing methods focused on EHR data related to seasonal influenza, aligning findings with health informatics needs. | Implement QA testing processes on the EHR data collection for influenza cases based on established protocols, integrating concerns raised by Medical Records Specialists. | Enhance testing protocols based on feedback from the previous week, ensuring a preventative approach based on the FAQ data collected by Help Desk Support. | Conduct a final review of collected data ensuring it meets all required standards for accuracy with assistance from Help Desk Support. |
|                   | Collaborate with Data Analysts to understand the types of influenza-related data being collected and improve verification methods. | Document QA findings and work with Data Analysts to address any issues or discrepancies found during testing, ensuring ongoing communication is established. | Execute further rounds of QA checks on the influenza data entries focusing on reliability and effectiveness of data collection. | Assist in compiling the documentation necessary for the final report on seasonal influenza trends ensuring clarity for all stakeholders. |
|                   | Develop a checklist for testing data quality and accuracy in conjunction with the insights from Registered Nurses. | Prepare reports that highlight identified gaps and necessary improvements collaboratively. | Summarize findings for team presentations, emphasizing collaborative recommendations with Data Analysts. |                                                                                                    |
| Help Desk Support  | Develop a consolidated training plan for healthcare staff on how to effectively utilize the EHR for influenza data entry, incorporating suggestions from all roles. | Conduct onboarding training sessions tailored specifically for the EHR tools relevant to influenza data collection ensuring all team members receive integrated support. | Analyze patterns from support tickets related to EHR data input for influenza cases, addressing recurring challenges specified by other team members. | Conduct follow-up training sessions or refresher courses based on outstanding challenges noted during the data entry process, ensuring continual support. |
|                   | Update support materials available to ensure all training modules address common issues and utilize examples provided by Registered Nurses. | Provide on-the-ground support during the data collection, acting on immediate feedback to troubleshoot issues as they happen. | Collaborate closely with Quality Assurance Testers to address technical issues impacting effective data entry based on real-time feedback from users. | Finalize updated user manuals and FAQs addressing complex concerns from both RNs and Medical Records Specialists. |
|                   | Prepare an FAQ list aimed at addressing concerns raised by all employee feedback. | Gather insights from sessions to fine-tune resources for improved usability. | Revise training materials and support documents based on the analysis results and share them in team meetings. | Prepare a detailed report on Help Desk Support's impact on the data collection phase, ensuring recognition of collaborative efforts across departments."
